file_name,table_name,row_id,column_id,item_id,item_name,purchase_price,purchase_points
shop.bin.json,aston_s_ebisuya,0,replacement_item_id,6104,Sneakers,150000,100
shop.bin.json,aston_s_ebisuya,1,replacement_item_id,6080,Noh Mask,200000,100
shop.bin.json,aston_s_ebisuya,2,replacement_item_id,,Reaction Boost,,
shop.bin.json,aston_s_ebisuya,3,replacement_item_id,,Thundaga Trinket,,
shop.bin.json,aston_s_ebisuya,4,replacement_item_id,,Protect Belt,,
shop.bin.json,aston_s_ebisuya,5,replacement_item_id,6191,Daidoji Knockdown Strike,1000,1000
shop.bin.json,aston_s_ebisuya,6,replacement_item_id,5435,Prima Heart Earrings,9800,0
shop.bin.json,aston_s_ebisuya,7,replacement_item_id,6060,Three-Piece Suit,200000,100
shop.bin.json,aston_s_ebisuya,8,replacement_item_id,,Armor Slot Up,,
shop.bin.json,aston_s_ebisuya,9,replacement_item_id,6248,More Drones 4,1000,1000
shop.bin.json,aston_s_ebisuya,10,replacement_item_id,,Battlefields of War,,
shop.bin.json,aston_s_ebisuya,11,replacement_item_id,,Ultima Weapon,,
shop.bin.json,aston_s_ebisuya,12,replacement_item_id,5373,Iron Plate,150,10
shop.bin.json,aston_s_ebisuya,13,replacement_item_id,,Donald Lucky Lucky,,
shop.bin.json,aston_s_ebisuya,14,replacement_item_id,5846,Shockin' Takoyaki,1980,0
shop.bin.json,aston_s_ebisuya,15,replacement_item_id,6116,Carnation,50000,100
shop.bin.json,aston_s_ebisuya,16,replacement_item_id,5517,Wonton Harusame,197,0
shop.bin.json,aston_s_ebisuya,17,replacement_item_id,4826,Low Profile Tires Plus,880,380
shop.bin.json,aston_s_pokecir_parts,0,replacement_item_id,5946,Gruesome Chainmail,95000,1000
shop.bin.json,aston_s_pokecir_parts,1,replacement_item_id,5574,Smile Burger (Takeout),550,0
shop.bin.json,aston_s_pokecir_parts,2,replacement_item_id,,Slapshot,,
shop.bin.json,aston_s_pokecir_parts,3,replacement_item_id,4757,Blue Bolt,980,0
shop.bin.json,aston_s_pokecir_parts,4,replacement_item_id,4768,Super Balanced Frame,0,0
shop.bin.json,aston_s_pokecir_parts,5,replacement_item_id,,Drive Converter,,
shop.bin.json,aston_s_pokecir_parts,6,replacement_item_id,,Glide,,
shop.bin.json,aston_s_pokecir_parts,7,replacement_item_id,,Berserk Charge,,
shop.bin.json,aston_s_pokecir_parts,8,replacement_item_id,5327,Staminan X,5000,150
shop.bin.json,aston_s_pokecir_parts,9,replacement_item_id,4788,Super Speed Frame,2980,2980
shop.bin.json,aston_s_pokecir_parts,10,replacement_item_id,6196,HA: Daidoji Martial Mastery,1000,1000
shop.bin.json,aston_s_pokecir_parts,11,replacement_item_id,4760,DRAG-ON,4980,120000
shop.bin.json,aston_s_pokecir_parts,12,replacement_item_id,,Quick Run,,
shop.bin.json,aston_s_pokecir_parts,13,replacement_item_id,5568,Imuraya Yokan,90,0
shop.bin.json,aston_s_pokecir_parts,14,replacement_item_id,,Max HP Up,,
shop.bin.json,aston_s_pokecir_parts,15,replacement_item_id,5731,C.C. Lemon,160,0
shop.bin.json,aston_s_pokecir_parts,16,replacement_item_id,4837,Extra Power Gears,1980,1980
shop.bin.json,aston_s_pokecir_parts,17,replacement_item_id,5507,Luxury Yakiniku Bento,1000,0
shop.bin.json,aston_s_pokecir_parts,18,replacement_item_id,5500,Fresh Lettuce Sandwich,380,0
shop.bin.json,aston_s_pokecir_parts,19,replacement_item_id,5431,Trinity Circle Earrings,35000,0
shop.bin.json,aston_s_pokecir_parts,20,replacement_item_id,4789,Ultra Speed Frame,3980,3980
shop.bin.json,aston_s_pokecir_parts,21,replacement_item_id,6119,Kabuki Makeup,400000,100
shop.bin.json,aston_s_pokecir_parts,22,replacement_item_id,,Garnet Ring,,
shop.bin.json,aston_s_pokecir_parts,23,replacement_item_id,4849,Ultra Regular Gears,4980,4980
shop.bin.json,aston_s_pokecir_parts,24,replacement_item_id,6224,HA: Attack Boost 1,1000,1000
shop.bin.json,aston_s_pokecir_parts,25,replacement_item_id,,Ultimate Mushroom,,
shop.bin.json,aston_s_pokecir_parts,26,replacement_item_id,5931,Galaxy Force,5500,0
shop.bin.json,aston_s_pokecir_parts,27,replacement_item_id,,Secret Ansem's Report 3,,
shop.bin.json,aston_s_pokecir_parts,28,replacement_item_id,,Circle of Life,,
shop.bin.json,aston_s_pokecir_parts,29,replacement_item_id,5731,C.C. Lemon,160,0
shop.bin.json,aston_s_pokecir_parts,30,replacement_item_id,5737,Vitamin Water,160,0
shop.bin.json,aston_s_pokecir_parts,31,replacement_item_id,,Drive Gauge Up,,
shop.bin.json,aston_s_pokecir_parts,32,replacement_item_id,,Nobody Lance,,
shop.bin.json,aston_s_pokecir_parts,33,replacement_item_id,5503,Bento Lunch Set,550,0
shop.bin.json,aston_s_pokecir_parts,34,replacement_item_id,5952,Fearless Binding,485000,0
shop.bin.json,aston_s_pokecir_parts,35,replacement_item_id,,Goofy MP Rage,,
shop.bin.json,aston_s_pokecir_parts,36,replacement_item_id,,Max HP Up,,
shop.bin.json,aston_s_pokecir_parts,37,replacement_item_id,,Auto Valor,,
shop.bin.json,aston_s_pokecir_parts,38,replacement_item_id,,Form Boost,,
shop.bin.json,aston_s_pokecir_parts,39,replacement_item_id,5947,Blesswood Armor Replica,81000,0
shop.bin.json,aston_s_pokecir_parts,40,replacement_item_id,6097,Silver Ring,150000,100
shop.bin.json,aston_s_pokecir_parts,41,replacement_item_id,,Goofy Item Boost,,
shop.bin.json,aston_s_pokecir_parts,42,replacement_item_id,,Max HP Up,,
shop.bin.json,aston_s_pokecir_parts,43,replacement_item_id,4850,Boost Gears,4980,4980
shop.bin.json,aston_s_pokecir_parts,44,replacement_item_id,5710,SEGA Taiyaki,180,0
shop.bin.json,aston_s_pokecir_parts,45,replacement_item_id,6113,Yakuza Dress Up Badge (Round),150000,100
shop.bin.json,aston_s_pokecir_parts,46,replacement_item_id,,Chicken Little,,
shop.bin.json,aston_s_pokecir_parts,47,replacement_item_id,,Blizzara Armlet,,
shop.bin.json,aston_s_pokecir_parts,48,replacement_item_id,,Goofy Auto Change,,
shop.bin.json,aston_s_pokecir_parts,49,replacement_item_id,5369,Platinum Plate,300000,2000
shop.bin.json,aston_s_pokecir_parts,50,replacement_item_id,5991,Toughness Infinity,50000,1500
shop.bin.json,aston_s_pokecir_parts,51,replacement_item_id,6175,Extra Equipment 2,1000,1000
shop.bin.json,aston_s_pokecir_parts,52,replacement_item_id,5371,Silver Plate,15000,100
shop.bin.json,aston_s_pokecir_parts,53,replacement_item_id,,Air Combo Plus,,
shop.bin.json,aston_s_pokecir_parts,54,replacement_item_id,5923,Okonomiyaki,800,0
shop.bin.json,aston_s_pokecir_parts,55,replacement_item_id,,Donald Blizzard Boost,,
shop.bin.json,aston_s_pokecir_parts,56,replacement_item_id,,Thunder Element,,
shop.bin.json,aston_s_pokecir_parts,57,replacement_item_id,5730,Pepsi Nama,160,0
shop.bin.json,aston_s_pokecir_parts,58,replacement_item_id,4786,Speed Frame Plus,980,480
shop.bin.json,aston_s_pokecir_parts,59,replacement_item_id,5734,Natchan! Apple,170,0
shop.bin.json,aston_s_pokecir_parts,60,replacement_item_id,6073,Aviator Sunglasses,150000,100
shop.bin.json,aston_s_pokecir_parts,61,replacement_item_id,,Acrisius,,
shop.bin.json,aston_s_pokecir_parts,62,replacement_item_id,,Combo Plus,,
shop.bin.json,aston_s_pokecir_parts,63,replacement_item_id,,Cure Element,,
shop.bin.json,aston_s_pokecir_parts,64,replacement_item_id,5517,Wonton Harusame,197,0
shop.bin.json,aston_s_pokecir_parts,65,replacement_item_id,4815,Soft Tires,480,150
shop.bin.json,aston_s_pokecir_parts,66,replacement_item_id,,Majestic Mushroom,,
shop.bin.json,aston_s_pokecir_parts,67,replacement_item_id,,Hero's Crest,,
shop.bin.json,aston_s_pokecir_parts,68,replacement_item_id,5731,C.C. Lemon,160,0
shop.bin.json,aston_s_pokecir_parts,69,replacement_item_id,,Mythril Ring,,
shop.bin.json,aston_s_pokecir_parts,70,replacement_item_id,,Sweet Memories,,
shop.bin.json,aston_s_pokecir_parts,71,replacement_item_id,,Accessory Slot Up,,
shop.bin.json,aston_s_pokecir_parts,72,replacement_item_id,,Aegis Chain,,
shop.bin.json,aston_s_pokecir_parts,73,replacement_item_id,5845,Green Onion Akashiyaki,1051,0
shop.bin.json,aston_s_pokecir_parts,74,replacement_item_id,,Star Charm,,
shop.bin.json,aston_s_pokecir_parts,75,replacement_item_id,5368,Pocket Tissues,50,1
shop.bin.json,aston_s_pokecir_parts,76,replacement_item_id,6154,EX Damage Up 4,1000,1000
shop.bin.json,aston_s_pokecir_parts,77,replacement_item_id,6211,KIW Health Up 15,1000,1000
shop.bin.json,aston_s_pokecir_parts,78,replacement_item_id,5514,Super Cup 1.5x Pork Kimchi Ramen,293,0
shop.bin.json,aston_s_pokecir_parts,79,replacement_item_id,6084,Ono Michio Head,1000000,100
shop.bin.json,aston_s_pokecir_parts,80,replacement_item_id,5708,Pine Candy,183,0
shop.bin.json,aston_s_pokecir_parts,81,replacement_item_id,5967,mini-more Perfume,1320,0
shop.bin.json,aston_s_pokecir_parts,82,replacement_item_id,5996,Staminan Royale,30000,2000
shop.bin.json,aston_s_pokecir_parts,83,replacement_item_id,5574,Smile Burger (Takeout),550,0
shop.bin.json,aston_s_pokecir_parts,84,replacement_item_id,4856,Godspeed Gears Plus,9800,9800
shop.bin.json,aston_s_pokecir_parts,85,replacement_item_id,5521,Sake,1000,0
shop.bin.json,aston_s_pokecir_parts,86,replacement_item_id,6129,Nourishment of the Sea King,100,0
shop.bin.json,aston_s_pokecir_parts,87,replacement_item_id,6220,KIW Damage Up 9,1000,1000
shop.bin.json,aston_s_pokecir_parts,88,replacement_item_id,,Mickey Munny Pouch,,
shop.bin.json,aston_s_pokecir_parts,89,replacement_item_id,,Slayer Earring,,
shop.bin.json,aston_s_pokecir_parts,90,replacement_item_id,6178,Triple Finisher,1000,1000
shop.bin.json,aston_s_pokecir_parts,91,replacement_item_id,4773,Super Metal Frame,2980,2980
shop.bin.json,aston_s_pokecir_parts,92,replacement_item_id,5576,Smile Fries (Takeout),280,0
shop.bin.json,aston_s_pokecir_parts,93,replacement_item_id,4761,Golem Tiger,50000000,4980
shop.bin.json,aston_s_pokecir_parts,94,replacement_item_id,6164,Extreme Heat Mode Unflinching,1000,1000
talk_coinlocker_locker.bin.json,aston_coinlocker,1,replacement_item_id,4796,Speed Motor,680,150
talk_coinlocker_locker.bin.json,aston_coinlocker,2,replacement_item_id,5735,Suntory Mineral Water,130,0
talk_coinlocker_locker.bin.json,aston_coinlocker,3,replacement_item_id,,Max HP Up,,
talk_coinlocker_locker.bin.json,aston_coinlocker,4,replacement_item_id,6167,Devastating Taunt,1000,1000
talk_coinlocker_locker.bin.json,aston_coinlocker,5,replacement_item_id,,MP Hastera,,
talk_coinlocker_locker.bin.json,aston_coinlocker,6,replacement_item_id,6047,Box Wing,9800,6980
talk_coinlocker_locker.bin.json,aston_coinlocker,7,replacement_item_id,,Thunder Element,,
talk_coinlocker_locker.bin.json,aston_coinlocker,8,replacement_item_id,5995,Staminan XX,10000,0
talk_coinlocker_locker.bin.json,aston_coinlocker,9,replacement_item_id,,Technician's Ring,,
talk_coinlocker_locker.bin.json,aston_coinlocker,10,replacement_item_id,5940,Bust Amulet,10000,5000
talk_coinlocker_locker.bin.json,aston_coinlocker,11,replacement_item_id,6163,Extreme Heat Critical Damage,1000,1000
talk_coinlocker_locker.bin.json,aston_coinlocker,12,replacement_item_id,4795,Ultra Power Motor,4980,4980
talk_coinlocker_locker.bin.json,aston_coinlocker,13,replacement_item_id,6109,Hoop Earrings,100000,100
talk_coinlocker_locker.bin.json,aston_coinlocker,14,replacement_item_id,,Cosmic Chain,,
talk_coinlocker_locker.bin.json,aston_coinlocker,15,replacement_item_id,,Guard,,
talk_coinlocker_locker.bin.json,aston_coinlocker,16,replacement_item_id,,Max HP Up,,
talk_coinlocker_locker.bin.json,aston_coinlocker,17,replacement_item_id,5504,Special Yakisoba,400,0
talk_coinlocker_locker.bin.json,aston_coinlocker,18,replacement_item_id,6081,Hyottoko Mask,150000,100
talk_coinlocker_locker.bin.json,aston_coinlocker,19,replacement_item_id,5447,Lucky Hanafuda Card,10000,5000
talk_coinlocker_locker.bin.json,aston_coinlocker,20,replacement_item_id,6043,The Practical Guide to Cooperative Fighting,180000,0
talk_coinlocker_locker.bin.json,aston_coinlocker,21,replacement_item_id,5990,Toughness ZZ,10000,0
talk_coinlocker_locker.bin.json,aston_coinlocker,22,replacement_item_id,,Full Bloom+,,
talk_coinlocker_locker.bin.json,aston_coinlocker,23,replacement_item_id,5736,Suntory Sparkling Lemon Mineral Water,130,0
talk_coinlocker_locker.bin.json,aston_coinlocker,24,replacement_item_id,6005,Alpha Cool Striker,50000000,4980
talk_coinlocker_locker.bin.json,aston_coinlocker,25,replacement_item_id,,Thundagun Trinket,,
talk_coinlocker_locker.bin.json,aston_coinlocker,26,replacement_item_id,5923,Okonomiyaki,800,0
talk_coinlocker_locker.bin.json,aston_coinlocker,27,replacement_item_id,,Beast's Claw,,
talk_coinlocker_locker.bin.json,aston_coinlocker,28,replacement_item_id,4842,Extra Balanced Gears,1980,1980
talk_coinlocker_locker.bin.json,aston_coinlocker,29,replacement_item_id,6065,T-Shirt,100000,100
talk_coinlocker_locker.bin.json,aston_coinlocker,30,replacement_item_id,,Lucky Emblem,,
talk_coinlocker_locker.bin.json,aston_coinlocker,31,replacement_item_id,5366,Seven Stars,600,0
talk_coinlocker_locker.bin.json,aston_coinlocker,32,replacement_item_id,5727,Suntory Oolong Tea,170,0
talk_coinlocker_locker.bin.json,aston_coinlocker,33,replacement_item_id,,Aerial Dive,,
talk_coinlocker_locker.bin.json,aston_coinlocker,34,replacement_item_id,6234,Tangled Ultimate Counter,1000,1000
talk_coinlocker_locker.bin.json,aston_coinlocker,35,replacement_item_id,,MP Hastera,,
talk_coinlocker_locker.bin.json,aston_coinlocker,36,replacement_item_id,5373,Iron Plate,150,10
talk_coinlocker_locker.bin.json,aston_coinlocker,37,replacement_item_id,,Magnet Element,,
talk_coinlocker_locker.bin.json,aston_coinlocker,38,replacement_item_id,4798,Extra Speed Motor,2480,2480
talk_coinlocker_locker.bin.json,aston_coinlocker,39,replacement_item_id,5916,Taiyaki Ice Cream,150,0
talk_coinlocker_locker.bin.json,aston_coinlocker,40,replacement_item_id,5996,Staminan Royale,30000,2000
talk_coinlocker_locker.bin.json,aston_coinlocker,41,replacement_item_id,6094,Fingerless Gloves,30000,100
talk_coinlocker_locker.bin.json,aston_coinlocker,42,replacement_item_id,,Max HP Up,,
talk_coinlocker_locker.bin.json,aston_coinlocker,43,replacement_item_id,,Magnet Element,,
talk_coinlocker_locker.bin.json,aston_coinlocker,44,replacement_item_id,5712,ZONe,210,0
talk_coinlocker_locker.bin.json,aston_coinlocker,45,replacement_item_id,5965,Contact Lenses,14000,0
talk_coinlocker_locker.bin.json,aston_coinlocker,46,replacement_item_id,6210,KIW Health Up 14,1000,1000
talk_coinlocker_locker.bin.json,aston_coinlocker,47,replacement_item_id,,Shock Charm+,,
talk_coinlocker_locker.bin.json,aston_coinlocker,48,replacement_item_id,5575,Teriyaki Smile Burger (Takeout),600,0
talk_coinlocker_locker.bin.json,aston_coinlocker,49,replacement_item_id,4769,Ultra Balanced Frame,3980,3980
talk_coinlocker_locker.bin.json,aston_coinlocker,50,replacement_item_id,6019,Ceremonial Oath Sake Cup (Pine),180000,300
shop.bin.json,aston_s_akame,0,replacement_item_id,5504,Special Yakisoba,400,0
shop.bin.json,aston_s_akame,1,replacement_item_id,,Drive Gauge Up,,
shop.bin.json,aston_s_akame,2,replacement_item_id,5372,Bronze Plate,1500,10
shop.bin.json,aston_s_akame,3,replacement_item_id,,Donald Thunder,,
shop.bin.json,aston_s_akame,4,replacement_item_id,5372,Bronze Plate,1500,10
shop.bin.json,aston_s_akame,5,replacement_item_id,4812,Extra Slick Tires,1480,1480
shop.bin.json,aston_s_akame,6,replacement_item_id,,Aerial Spiral,,
shop.bin.json,aston_s_akame,7,replacement_item_id,,Goofy Protega,,
shop.bin.json,aston_s_akame,8,replacement_item_id,5503,Bento Lunch Set,550,0
shop.bin.json,aston_s_akame,9,replacement_item_id,5323,Toughness Light,200,0
shop.bin.json,aston_s_akame,10,replacement_item_id,4833,Super Slim Tires,2480,2480
shop.bin.json,aston_s_akame,11,replacement_item_id,5938,Iron Breastplate,431000,0
shop.bin.json,aston_s_akame,12,replacement_item_id,6093,Leather Gloves,50000,100
shop.bin.json,aston_s_akame,13,replacement_item_id,,Goofy Protect,,
shop.bin.json,aston_s_akame,14,replacement_item_id,,Max HP Up,,
shop.bin.json,aston_s_akame,15,replacement_item_id,6007,Bangin' Killer Bee,50000000,2980
shop.bin.json,aston_s_akame,16,replacement_item_id,5954,Bloody Binding,81000,8000
shop.bin.json,aston_s_akame,17,replacement_item_id,,Goofy Auto Healing,,
shop.bin.json,aston_s_akame,18,replacement_item_id,,Item Boost,,
shop.bin.json,aston_s_akame,19,replacement_item_id,6187,HA: Essence of Double Crush,1000,1000
shop.bin.json,aston_s_akame,20,replacement_item_id,5504,Special Yakisoba,400,0
shop.bin.json,aston_s_akame,21,replacement_item_id,6147,Damage Up 1,1000,1000
shop.bin.json,aston_s_akame,22,replacement_item_id,6156,Heat Gauge Up 2,1000,1000
shop.bin.json,aston_s_akame,23,replacement_item_id,5708,Pine Candy,183,0
shop.bin.json,aston_s_akame,24,replacement_item_id,,Follow the Wind,,
shop.bin.json,aston_s_akame,25,replacement_item_id,6173,Drunken Dragon 2,1000,1000
shop.bin.json,aston_s_billiards_prize,0,replacement_item_id,6071,Rimless Sunglasses,70000,100
shop.bin.json,aston_s_billiards_prize,1,replacement_item_id,5507,Luxury Yakiniku Bento,1000,0
shop.bin.json,aston_s_billiards_prize,2,replacement_item_id,5499,Salmon Onigiri,160,0
shop.bin.json,aston_s_billiards_prize,3,replacement_item_id,5505,Pork Tonkatsu Bento,600,0
shop.bin.json,aston_s_billiards_prize,4,replacement_item_id,5976,Chu-Chu Tako Doll (Takoyaki),500,0
shop.bin.json,aston_s_billiards_prize,5,replacement_item_id,6225,HA: Attack Boost 2,1000,1000
shop.bin.json,aston_s_billiards_prize,6,replacement_item_id,5325,Tauriner,3000,60
shop.bin.json,aston_s_billiards_prize,7,replacement_item_id,6219,KIW Damage Up 8,1000,1000
shop.bin.json,aston_s_billiards_prize,8,replacement_item_id,5736,Suntory Sparkling Lemon Mineral Water,130,0
shop.bin.json,aston_s_billiards_prize,9,replacement_item_id,6117,Single Rose,100000,100
shop.bin.json,aston_s_billiards_prize,10,replacement_item_id,6217,KIW Damage Up 6,1000,1000
shop.bin.json,aston_s_wannpark,0,replacement_item_id,6159,Extreme Heat Damage 1,1000,1000
shop.bin.json,aston_s_wannpark,1,replacement_item_id,5995,Staminan XX,10000,0
shop.bin.json,aston_s_wannpark,2,replacement_item_id,6168,Heat Gauge Auto Charge,1000,1000
shop.bin.json,aston_s_wannpark,3,replacement_item_id,,Fire Element,,
shop.bin.json,aston_s_wannpark,4,replacement_item_id,4806,High Torque Motor,9800,3980
shop.bin.json,aston_s_wannpark,5,replacement_item_id,,Drive Boost,,
shop.bin.json,aston_s_wannpark,6,replacement_item_id,,Goofy Defender,,
shop.bin.json,aston_s_wannpark,7,replacement_item_id,,Shadow Archive,,
shop.bin.json,aston_s_wannpark,8,replacement_item_id,5923,Okonomiyaki,800,0
shop.bin.json,aston_s_wannpark,9,replacement_item_id,,Max HP Up,,
shop.bin.json,aston_s_wannpark,10,replacement_item_id,5709,Oragamachi Natto,235,0
shop.bin.json,aston_s_wannpark,11,replacement_item_id,,Firaga Bangle,,
shop.bin.json,aston_y_shichiya,0,replacement_item_id,6227,Knock Back,1000,1000
shop.bin.json,aston_y_shichiya,1,replacement_item_id,,Lucky Emblem,,
shop.bin.json,aston_y_shichiya,2,replacement_item_id,,Lucky Emblem,,
shop.bin.json,aston_y_shichiya,3,replacement_item_id,5325,Tauriner,3000,60
shop.bin.json,aston_y_shichiya,4,replacement_item_id,,Donald Item Boost,,
shop.bin.json,aston_y_shichiya,5,replacement_item_id,,Wisdom Form,,
shop.bin.json,aston_y_shichiya,6,replacement_item_id,5568,Imuraya Yokan,90,0
shop.bin.json,aston_y_shichiya,7,replacement_item_id,6256,Power Spool,1000,1000
shop.bin.json,aston_y_lovemagic,0,replacement_item_id,5515,Yakisoba Mochichi,255,0
shop.bin.json,aston_y_lovemagic,1,replacement_item_id,4755,Ultra Godspeed Motor,120000,120000
shop.bin.json,aston_y_lovemagic,2,replacement_item_id,5451,The Basics of Shogi,1200,0
shop.bin.json,aston_y_lovemagic,3,replacement_item_id,6235,Daidoji Trip Wire,1000,1000
shop.bin.json,aston_y_lovemagic,4,replacement_item_id,6243,Throw More Bombs 3,1000,1000
shop.bin.json,aston_y_lovemagic,5,replacement_item_id,,Expert's Ring,,
shop.bin.json,aston_y_lovemagic,6,replacement_item_id,5711,Nozaki's Corned Beef,464,0
shop.bin.json,aston_y_lovemagic,7,replacement_item_id,6192,Daidoji Evasive Strike,1000,1000
shop.bin.json,aston_y_lovemagic,8,replacement_item_id,5577,Smile Shake (Takeout),250,0
shop.bin.json,aston_y_lovemagic,9,replacement_item_id,5575,Teriyaki Smile Burger (Takeout),600,0
shop.bin.json,aston_y_lovemagic,10,replacement_item_id,5374,Paper Plate,15,1
shop.bin.json,aston_y_shogi,0,replacement_item_id,5508,Sushi Set,1500,0
shop.bin.json,aston_y_shogi,1,replacement_item_id,,Engineer's Ring,,
shop.bin.json,aston_y_shogi,2,replacement_item_id,5577,Smile Shake (Takeout),250,0
shop.bin.json,aston_y_shogi,3,replacement_item_id,,Goofy MP Rage,,
shop.bin.json,aston_y_shogi,4,replacement_item_id,5574,Smile Burger (Takeout),550,0
shop.bin.json,aston_y_shogi,5,replacement_item_id,5513,Imuraya Curry Bun,130,0
shop.bin.json,aston_y_shogi,6,replacement_item_id,4800,Ultra Speed Motor,4980,4980
shop.bin.json,aston_y_shogi,7,replacement_item_id,4831,Slim Tires Plus,880,380
shop.bin.json,aston_y_shogi,8,replacement_item_id,6131,Nutriment of the Conquering Emperor,100,0
shop.bin.json,aston_y_shogi,9,replacement_item_id,5730,Pepsi Nama,160,0
shop.bin.json,aston_y_shogi,10,replacement_item_id,6184,Tiger Drop,1000,1000
shop.bin.json,aston_s_shogi,0,replacement_item_id,5518,Drink to the Last Drop Dandan Noodles,255,0
shop.bin.json,aston_s_shogi,1,replacement_item_id,,Winner's Proof,,
shop.bin.json,aston_s_shogi,2,replacement_item_id,5991,Toughness Infinity,50000,1500
shop.bin.json,aston_s_shogi,3,replacement_item_id,,Aerial Finish,,
shop.bin.json,aston_s_shogi,4,replacement_item_id,6134,Great Fortune Silver Undies,200000,0
shop.bin.json,aston_s_shogi,5,replacement_item_id,4858,Super Godspeed Gears,14800,14800
shop.bin.json,aston_s_shogi,6,replacement_item_id,4843,Super Balanced Gears,2980,2980
shop.bin.json,aston_s_shogi,7,replacement_item_id,,Fenrir,,
shop.bin.json,aston_s_shogi,8,replacement_item_id,,Skill and Crossbones,,
shop.bin.json,aston_s_shogi,9,replacement_item_id,5729,Suntory Goma Mugicha,170,0
shop.bin.json,aston_s_shogi,10,replacement_item_id,5957,Green Gem Bracelet,11000,0
shop.bin.json,aston_s_golf,0,replacement_item_id,,Max HP Up,,
shop.bin.json,aston_s_golf,1,replacement_item_id,5434,White Pearl Earrings,25000,0
shop.bin.json,aston_s_golf,2,replacement_item_id,5982,Gold Darts,0,0
shop.bin.json,aston_s_golf,3,replacement_item_id,4845,Regular Gears,580,0
shop.bin.json,aston_s_golf,4,replacement_item_id,5513,Imuraya Curry Bun,130,0
shop.bin.json,aston_s_golf,5,replacement_item_id,5735,Suntory Mineral Water,130,0
shop.bin.json,aston_s_golf,6,replacement_item_id,,Secret Ansem's Report 11,,
shop.bin.json,aston_s_golf,7,replacement_item_id,5372,Bronze Plate,1500,10
shop.bin.json,aston_s_golf,8,replacement_item_id,6185,HA: Essence of Raging Dragon,1000,1000
shop.bin.json,aston_s_golf,9,replacement_item_id,,Lucky Emblem,,
shop.bin.json,aston_s_golf,10,replacement_item_id,,Dodge Roll,,
shop.bin.json,aston_s_golf,11,replacement_item_id,5711,Nozaki's Corned Beef,464,0
shop.bin.json,aston_s_golf,12,replacement_item_id,,Lucky Emblem,,
shop.bin.json,aston_s_toba,0,replacement_item_id,6022,Ceremonial Oath Sake Cup (Sakura),600000,0
shop.bin.json,aston_s_toba,1,replacement_item_id,4814,Ultra Slick Tires,3980,3980
shop.bin.json,aston_s_toba,2,replacement_item_id,6091,Construction Company Helmet,500000,100
shop.bin.json,aston_s_toba,3,replacement_item_id,,Lucky Emblem,,
shop.bin.json,aston_s_toba,4,replacement_item_id,,Vicinity Break,,
shop.bin.json,aston_s_toba,5,replacement_item_id,5709,Oragamachi Natto,235,0
shop.bin.json,aston_s_toba,6,replacement_item_id,,Precious Mushroom,,
shop.bin.json,aston_s_toba,7,replacement_item_id,6102,Casual Leather Shoes,50000,100
shop.bin.json,aston_s_toba,8,replacement_item_id,,Quick Run,,
shop.bin.json,aston_s_toba,9,replacement_item_id,,Secret Ansem's Report 4,,
shop.bin.json,aston_y_toba,0,replacement_item_id,5971,Bloody Talisman,81000,800
shop.bin.json,aston_y_toba,1,replacement_item_id,5729,Suntory Goma Mugicha,170,0
shop.bin.json,aston_y_toba,2,replacement_item_id,,Diamond Ring,,
shop.bin.json,aston_y_toba,3,replacement_item_id,,Lucky Emblem,,
shop.bin.json,aston_y_toba,4,replacement_item_id,,Blizzaga Armlet,,
shop.bin.json,aston_y_toba,5,replacement_item_id,6215,KIW Damage Up 4,1000,1000
shop.bin.json,aston_y_toba,6,replacement_item_id,5574,Smile Burger (Takeout),550,0
shop.bin.json,aston_y_toba,7,replacement_item_id,,Max HP Up,,
shop.bin.json,aston_y_toba,8,replacement_item_id,5728,Suntory Green Tea Iyemon,170,0
shop.bin.json,aston_y_toba,9,replacement_item_id,5435,Prima Heart Earrings,9800,0
shop.bin.json,aston_y_toba,10,replacement_item_id,,Way to the Dawn,,
shop.bin.json,aston_c_toba,0,replacement_item_id,6012,Egg,100,0
shop.bin.json,aston_c_toba,1,replacement_item_id,6036,Forks,0,2500
shop.bin.json,aston_c_toba,2,replacement_item_id,,Torn Page,,
shop.bin.json,aston_c_toba,3,replacement_item_id,,Lucky Emblem,,
shop.bin.json,aston_c_toba,4,replacement_item_id,,Item Slot Up,,
shop.bin.json,aston_c_toba,5,replacement_item_id,,Item Slot Up,,
shop.bin.json,aston_c_toba,6,replacement_item_id,,Secret Ansem's Report 7,,
shop.bin.json,aston_c_toba,7,replacement_item_id,5974,Dragon God Amulet,14626000,60000
shop.bin.json,aston_c_toba,8,replacement_item_id,5517,Wonton Harusame,197,0
shop.bin.json,aston_c_toba,9,replacement_item_id,,Shadow Anklet,,
shop.bin.json,aston_c_toba,10,replacement_item_id,,Lucky Emblem,,
shop.bin.json,aston_c_toba,11,replacement_item_id,5953,Dragon's Binding,1984000,16000
shop.bin.json,aston_c_toba,12,replacement_item_id,6077,Dragon Mask,0,5000
shop.bin.json,aston_c_toba,13,replacement_item_id,5434,White Pearl Earrings,25000,0
shop.bin.json,aston_c_toba,14,replacement_item_id,6186,HA: Essence of the Dragon God,1000,1000
shop.bin.json,aston_c_toba,15,replacement_item_id,6162,Ultimate Counter Damage Up,1000,1000
shop.bin.json,aston_c_casino,0,replacement_item_id,5579,Divine Water,100,0
shop.bin.json,aston_c_casino,1,replacement_item_id,6095,Gel Nails,70000,100
shop.bin.json,aston_c_casino,2,replacement_item_id,,Accessory Slot Up,,
shop.bin.json,aston_c_casino,3,replacement_item_id,5709,Oragamachi Natto,235,0
shop.bin.json,aston_c_casino,4,replacement_item_id,,Donald Fire Boost,,
shop.bin.json,aston_c_casino,5,replacement_item_id,5436,Star Crossed Earrings,240000,0
shop.bin.json,aston_c_casino,6,replacement_item_id,5732,Mountain Dew,130,0
shop.bin.json,aston_c_casino,7,replacement_item_id,5500,Fresh Lettuce Sandwich,380,0
shop.bin.json,aston_c_casino,8,replacement_item_id,,Olette Munny Pouch,,
shop.bin.json,aston_c_casino,9,replacement_item_id,6200,KIW Health Up 4,1000,1000
shop.bin.json,aston_c_casino,10,replacement_item_id,6160,Extreme Heat Damage 2,1000,1000
shop.bin.json,aston_c_casino,11,replacement_item_id,4801,Balanced Motor,680,150
shop.bin.json,aston_c_casino,12,replacement_item_id,,Olympus Stone,,
shop.bin.json,aston_c_casino,13,replacement_item_id,,Max HP Up,,
shop.bin.json,aston_c_casino,14,replacement_item_id,,Torn Page,,
shop.bin.json,aston_c_boutique,0,replacement_item_id,5502,Oden,500,0
shop.bin.json,aston_c_boutique,1,replacement_item_id,6189,Daidoji Double Guard,1000,1000
shop.bin.json,aston_c_boutique,2,replacement_item_id,,Aerial Recovery,,
shop.bin.json,aston_c_boutique,3,replacement_item_id,4772,Extra Metal Frame,1980,1980
shop.bin.json,aston_c_boutique,4,replacement_item_id,,Tourmaline Ring,,
shop.bin.json,aston_c_boutique,5,replacement_item_id,,Secret Ansem's Report 8,,
shop.bin.json,aston_c_boutique,6,replacement_item_id,5515,Yakisoba Mochichi,255,0
shop.bin.json,aston_c_boutique,7,replacement_item_id,5578,Smile Salad (Takeout),320,0
shop.bin.json,aston_c_boutique,8,replacement_item_id,5960,Seiryu Bracelet,81000,1000
shop.bin.json,aston_c_boutique,9,replacement_item_id,5518,Drink to the Last Drop Dandan Noodles,255,0
shop.bin.json,aston_c_boutique,10,replacement_item_id,5731,C.C. Lemon,160,0
shop.bin.json,aston_c_boutique,11,replacement_item_id,5556,Ichiban Senbei (Salt),380,30
shop.bin.json,aston_c_boutique,12,replacement_item_id,5327,Staminan X,5000,150
shop.bin.json,aston_c_boutique,13,replacement_item_id,5950,Sengoku Fundoshi,2000,0
shop.bin.json,aston_c_boutique,14,replacement_item_id,,Aerial Dodge,,
shop.bin.json,aston_c_boutique_vip,0,replacement_item_id,4847,Extra Regular Gears,1980,1980
shop.bin.json,aston_c_boutique_vip,1,replacement_item_id,5734,Natchan! Apple,170,0
shop.bin.json,aston_c_boutique_vip,2,replacement_item_id,6130,Refreshment of the Sky King,100,0
shop.bin.json,aston_c_boutique_vip,3,replacement_item_id,,Executive's Ring,,
shop.bin.json,aston_c_boutique_vip,4,replacement_item_id,,Jackpot,,
shop.bin.json,aston_c_boutique_vip,5,replacement_item_id,5990,Toughness ZZ,10000,0
shop.bin.json,aston_c_boutique_vip,6,replacement_item_id,,Donald Lucky Lucky,,
shop.bin.json,aston_c_boutique_vip,7,replacement_item_id,6155,Heat Gauge Up 1,1000,1000
shop.bin.json,aston_c_boutique_vip,8,replacement_item_id,6017,Premier Darts,0,2000
shop.bin.json,aston_c_boutique_vip,9,replacement_item_id,5577,Smile Shake (Takeout),250,0
shop.bin.json,aston_c_boutique_vip,10,replacement_item_id,6166,Insulting Taunt,1000,1000
shop.bin.json,aston_s_mizorogi_2,0,replacement_item_id,5516,Wakame Ramen Sesame Soy Sauce,255,0
shop.bin.json,aston_s_mizorogi_2,1,replacement_item_id,6062,Shirtless Blazer,500000,100
shop.bin.json,aston_s_mizorogi_2,2,replacement_item_id,,Combo Plus,,
shop.bin.json,aston_s_mizorogi_2,3,replacement_item_id,5916,Taiyaki Ice Cream,150,0
shop.bin.json,aston_s_mizorogi_2,4,replacement_item_id,4797,Speed Motor Plus,1180,680
item_get_by_wire.bin.json,treasure_y001,115,replacement_item_id,,Precious Mushroom+,,
item_get_by_wire.bin.json,treasure_y002,116,replacement_item_id,6075,Snake Eyepatch,1000000,100
item_get_by_wire.bin.json,treasure_y003,117,replacement_item_id,,Medal,,
item_get_by_wire.bin.json,treasure_y004,118,replacement_item_id,6158,Heat Gauge Up 4,1000,1000
item_get_by_wire.bin.json,treasure_y005,119,replacement_item_id,,Lucky Emblem,,
item_get_by_wire.bin.json,treasure_y006,120,replacement_item_id,,Auto Final,,
item_get_by_wire.bin.json,treasure_y007,121,replacement_item_id,6046,Flat Wing,9800,4980
item_get_by_wire.bin.json,treasure_y008,122,replacement_item_id,,Auto Summon,,
item_get_by_wire.bin.json,treasure_y009,123,replacement_item_id,5940,Bust Amulet,10000,5000
item_get_by_wire.bin.json,treasure_y010,124,replacement_item_id,5432,Heart Earrings,12000,0
item_get_by_wire.bin.json,treasure_y011,125,replacement_item_id,6103,Monk Strap Loafers,120000,100
item_get_by_wire.bin.json,treasure_y012,126,replacement_item_id,6018,Mevius,580,0
item_get_by_wire.bin.json,treasure_y013,127,replacement_item_id,5939,Body Armor,40000,0
item_get_by_wire.bin.json,treasure_y014,128,replacement_item_id,5324,Toughness Z,2000,50
item_get_by_wire.bin.json,treasure_y015,129,replacement_item_id,,Peter Pan,,
item_get_by_wire.bin.json,treasure_y016,130,replacement_item_id,4862,Regular Battery,580,0
item_get_by_wire.bin.json,treasure_y017,131,replacement_item_id,4819,Ultra Soft Tires,3980,3980
item_get_by_wire.bin.json,treasure_y018,132,replacement_item_id,,Goofy Hyper Healing,,
item_get_by_wire.bin.json,treasure_y019,133,replacement_item_id,,Secret Ansem's Report 9,,
item_get_by_wire.bin.json,treasure_y020,134,replacement_item_id,6244,Throw More Bombs 4,1000,1000
item_get_by_wire.bin.json,treasure_y021,135,replacement_item_id,6143,EX Health Up 1,1000,1000
item_get_by_wire.bin.json,treasure_y022,136,replacement_item_id,4762,Cool Striker,50000000,40000
item_get_by_wire.bin.json,treasure_y023,137,replacement_item_id,,Donald Thunder Boost,,
item_get_by_wire.bin.json,treasure_y024,138,replacement_item_id,,Lucky Ring,,
item_get_by_wire.bin.json,treasure_y025,139,replacement_item_id,,Reflect Element,,
item_get_by_wire.bin.json,treasure_y026,140,replacement_item_id,5557,Ichiban Fried Senbei,480,0
item_get_by_wire.bin.json,treasure_y027,141,replacement_item_id,,Lucky Emblem,,
item_get_by_wire.bin.json,treasure_y028,142,replacement_item_id,5536,Alex Kidd in Miracle World,5000,2500
item_get_by_wire.bin.json,treasure_y029,143,replacement_item_id,6181,The Countdown,1000,1000
item_get_by_wire.bin.json,treasure_y030,144,replacement_item_id,4804,Super Balanced Motor,3980,3980
item_get_by_wire.bin.json,treasure_y031,145,replacement_item_id,,Drive Gauge Up,,
item_get_by_wire.bin.json,treasure_y032,146,replacement_item_id,5507,Luxury Yakiniku Bento,1000,0
item_get_by_wire.bin.json,treasure_y033,147,replacement_item_id,4810,Slick Tires,480,0
item_get_by_wire.bin.json,treasure_y034,148,replacement_item_id,6074,Big Frame Sunglasses,200000,100
item_get_by_wire.bin.json,treasure_y035,149,replacement_item_id,5729,Suntory Goma Mugicha,170,0
item_get_by_wire.bin.json,treasure_y036,150,replacement_item_id,5725,Premium BOSS,140,0
item_get_by_wire.bin.json,treasure_y037,151,replacement_item_id,,Secret Ansem's Report 12,,
item_get_by_wire.bin.json,treasure_y038,152,replacement_item_id,5366,Seven Stars,600,0
item_get_by_wire.bin.json,treasure_y039,153,replacement_item_id,5568,Imuraya Yokan,90,0
item_get_by_wire.bin.json,treasure_y040,154,replacement_item_id,5438,Midnight Ring,250000,0
item_get_by_wire.bin.json,treasure001,5,replacement_item_id,5996,Staminan Royale,30000,2000
item_get_by_wire.bin.json,treasure002,6,replacement_item_id,6131,Nutriment of the Conquering Emperor,100,0
item_get_by_wire.bin.json,treasure003,7,replacement_item_id,,Lucky Emblem,,
item_get_by_wire.bin.json,treasure004,8,replacement_item_id,5515,Yakisoba Mochichi,255,0
item_get_by_wire.bin.json,treasure005,9,replacement_item_id,6240,Extra Wire 4,1000,1000
item_get_by_wire.bin.json,treasure006,10,replacement_item_id,5568,Imuraya Yokan,90,0
item_get_by_wire.bin.json,treasure007,11,replacement_item_id,5915,Hokkaido Azuki Bar,130,0
item_get_by_wire.bin.json,treasure008,12,replacement_item_id,,Ability Ring,,
item_get_by_wire.bin.json,treasure009,13,replacement_item_id,,Shadow Archive+,,
item_get_by_wire.bin.json,treasure010,14,replacement_item_id,5915,Hokkaido Azuki Bar,130,0
item_get_by_wire.bin.json,treasure011,15,replacement_item_id,5737,Vitamin Water,160,0
item_get_by_wire.bin.json,treasure012,16,replacement_item_id,5726,BOSS Light Sugar,140,0
item_get_by_wire.bin.json,treasure013,17,replacement_item_id,,Auto Wisdom,,
item_get_by_wire.bin.json,treasure014,18,replacement_item_id,,Fira Bangle,,
item_get_by_wire.bin.json,treasure015,19,replacement_item_id,,Lucky Emblem,,
item_get_by_wire.bin.json,treasure016,20,replacement_item_id,,Secret Ansem's Report 13,,
item_get_by_wire.bin.json,treasure017,21,replacement_item_id,5925,Okonomiyaki (Mentai Mayo),900,0
item_get_by_wire.bin.json,treasure018,22,replacement_item_id,,Soldier Earring,,
item_get_by_wire.bin.json,treasure019,23,replacement_item_id,,Max HP Up,,
item_get_by_wire.bin.json,treasure020,24,replacement_item_id,,Teamwork,,
item_get_by_wire.bin.json,treasure021,25,replacement_item_id,,Meteor Staff,,
item_get_by_wire.bin.json,treasure022,26,replacement_item_id,6204,KIW Health Up 8,1000,1000
item_get_by_wire.bin.json,treasure023,27,replacement_item_id,6020,Ceremonial Oath Sake Cup (Bamboo),60000,0
item_get_by_wire.bin.json,treasure024,28,replacement_item_id,,Dodge Roll,,
item_get_by_wire.bin.json,treasure025,29,replacement_item_id,,Lucky Emblem,,
item_get_by_wire.bin.json,treasure026,30,replacement_item_id,4802,Balanced Motor Plus,1180,680
item_get_by_wire.bin.json,treasure027,31,replacement_item_id,5729,Suntory Goma Mugicha,170,0
item_get_by_wire.bin.json,treasure028,32,replacement_item_id,5710,SEGA Taiyaki,180,0
item_get_by_wire.bin.json,treasure029,33,replacement_item_id,5578,Smile Salad (Takeout),320,0
item_get_by_wire.bin.json,treasure030,34,replacement_item_id,5730,Pepsi Nama,160,0
item_get_by_wire.bin.json,treasure031,35,replacement_item_id,,Thundara Trinket,,
item_get_by_wire.bin.json,treasure032,36,replacement_item_id,4830,Slim Tires,480,150
item_get_by_wire.bin.json,treasure033,37,replacement_item_id,,Lucky Emblem,,
item_get_by_wire.bin.json,treasure034,38,replacement_item_id,5736,Suntory Sparkling Lemon Mineral Water,130,0
item_get_by_wire.bin.json,treasure035,39,replacement_item_id,,Lucky Emblem,,
item_get_by_wire.bin.json,treasure036,40,replacement_item_id,5440,Luxury Timepiece,623000,0
item_get_by_wire.bin.json,treasure037,41,replacement_item_id,5512,Imuraya Gold Steamed Bun,160,0
item_get_by_wire.bin.json,treasure038,42,replacement_item_id,,Champion Belt,,
item_get_by_wire.bin.json,treasure039,43,replacement_item_id,,Mage Earring,,
item_get_by_wire.bin.json,treasure040,44,replacement_item_id,5514,Super Cup 1.5x Pork Kimchi Ramen,293,0
item_get_by_wire.bin.json,treasure041,45,replacement_item_id,5731,C.C. Lemon,160,0
item_get_by_wire.bin.json,treasure042,46,replacement_item_id,5373,Iron Plate,150,10
item_get_by_wire.bin.json,treasure043,47,replacement_item_id,5728,Suntory Green Tea Iyemon,170,0
item_get_by_wire.bin.json,treasure044,48,replacement_item_id,,Cosmic Ring,,
item_get_by_wire.bin.json,treasure045,49,replacement_item_id,5729,Suntory Goma Mugicha,170,0
item_get_by_wire.bin.json,treasure046,50,replacement_item_id,5732,Mountain Dew,130,0
item_get_by_wire.bin.json,treasure047,51,replacement_item_id,5970,Charismatic Photo,1000,150
item_get_by_wire.bin.json,treasure048,52,replacement_item_id,,Thunder Boost,,
item_get_by_wire.bin.json,treasure049,53,replacement_item_id,5511,Imuraya Pizza Bun,130,0
item_get_by_wire.bin.json,treasure050,54,replacement_item_id,6127,Color Contacts (Gold),50000,100
item_get_by_wire.bin.json,treasure_c001,65,replacement_item_id,,Bond of Flame,,
item_get_by_wire.bin.json,treasure_c002,66,replacement_item_id,4779,Ultra Rocket Frame,3980,3980
item_get_by_wire.bin.json,treasure_c003,67,replacement_item_id,4776,Rocket Frame Plus,980,480
item_get_by_wire.bin.json,treasure_c004,68,replacement_item_id,5326,Staminan Light,1000,0
item_get_by_wire.bin.json,treasure_c005,69,replacement_item_id,5373,Iron Plate,150,10
item_get_by_wire.bin.json,treasure_c006,70,replacement_item_id,6044,The Advanced Guide to Cooperative Fighting,540000,0
item_get_by_wire.bin.json,treasure_c007,71,replacement_item_id,5983,Legend Darts,0,8000
item_get_by_wire.bin.json,treasure_c008,72,replacement_item_id,5979,Standard Darts,3000,0
item_get_by_wire.bin.json,treasure_c009,73,replacement_item_id,5448,Blackjack Amulet,10000,5000
item_get_by_wire.bin.json,treasure_c010,74,replacement_item_id,5924,Okonomiyaki (Mochi & Cheese),900,0
item_get_by_wire.bin.json,treasure_c012,76,replacement_item_id,4766,Balanced Frame Plus,980,480
item_get_by_wire.bin.json,treasure_c013,77,replacement_item_id,6013,Quality Egg,200,0
item_get_by_wire.bin.json,treasure_c014,78,replacement_item_id,5711,Nozaki's Corned Beef,464,0
item_get_by_wire.bin.json,treasure_c015,79,replacement_item_id,,Secret Ansem's Report 1,,
item_get_by_wire.bin.json,treasure_c016,80,replacement_item_id,6230,HA: Evasion Up 1,1000,1000
item_get_by_wire.bin.json,treasure_c017,81,replacement_item_id,,Ribbon,,
item_get_by_wire.bin.json,treasure_c018,82,replacement_item_id,5924,Okonomiyaki (Mochi & Cheese),900,0
item_get_by_wire.bin.json,treasure_c019,83,replacement_item_id,5940,Bust Amulet,10000,5000
item_get_by_wire.bin.json,treasure_c020,84,replacement_item_id,6233,Daidoji Grapple Strike,1000,1000
item_get_by_wire.bin.json,treasure_c021,85,replacement_item_id,6228,Twisting Ultimate Counter,1000,1000
item_get_by_wire.bin.json,treasure_c022,86,replacement_item_id,,Photon Debugger,,
item_get_by_wire.bin.json,treasure_c023,87,replacement_item_id,6064,Short-Sleeved Button-up,30000,100
item_get_by_wire.bin.json,treasure_c024,88,replacement_item_id,6038,Thunder Darts,0,0
item_get_by_wire.bin.json,treasure_c025,89,replacement_item_id,5368,Pocket Tissues,50,1
item_get_by_wire.bin.json,treasure_c026,90,replacement_item_id,,Drive Gauge Up,,
item_get_by_wire.bin.json,treasure_c027,91,replacement_item_id,5324,Toughness Z,2000,50
item_get_by_wire.bin.json,treasure_c028,92,replacement_item_id,6035,Pencils,0,0
item_get_by_wire.bin.json,treasure_c029,93,replacement_item_id,6180,Rolling Escape,1000,1000
item_get_by_wire.bin.json,treasure_c030,94,replacement_item_id,,Chaos Anklet,,
reward_table.bin.json,pokecir,4,replacement_item_id,5370,Gold Plate,150000,1000
reward_table.bin.json,pokecir,8,replacement_item_id,5326,Staminan Light,1000,0
reward_table.bin.json,pokecir,13,replacement_item_id,6146,EX Health Up 4,1000,1000
reward_table.bin.json,pokecir,15,replacement_item_id,,Fencer Earring,,
reward_table.bin.json,pokecir,40,replacement_item_id,6019,Ceremonial Oath Sake Cup (Pine),180000,300
reward_table.bin.json,pokecir,58,replacement_item_id,,Lucky Emblem,,
reward_table.bin.json,pokecir,64,replacement_item_id,4807,High Torque Motor Mark II,14800,50000
reward_table.bin.json,pokecir,89,replacement_item_id,,Membership Card,,
reward_table.bin.json,pokecir,94,replacement_item_id,6214,KIW Damage Up 3,1000,1000
reward_table.bin.json,pokecir,111,replacement_item_id,,Donald Auto Healing,,
reward_table.bin.json,pokecir,120,replacement_item_id,5436,Star Crossed Earrings,240000,0
reward_table.bin.json,pokecir,124,replacement_item_id,5555,Ichiban Senbei (Shoyu),300,30
reward_table.bin.json,pokecir,125,replacement_item_id,6126,Heavy Makeup,100000,100
reward_table.bin.json,pokecir,130,replacement_item_id,5511,Imuraya Pizza Bun,130,0
reward_table.bin.json,darts,1,replacement_item_id,5951,Fighter's Binding,68000,0
reward_table.bin.json,darts,2,replacement_item_id,5732,Mountain Dew,130,0
reward_table.bin.json,darts,3,replacement_item_id,,Hades Cup Trophy,,
reward_table.bin.json,darts,4,replacement_item_id,,Lucky Lucky,,
reward_table.bin.json,darts,5,replacement_item_id,6107,Bare Feet,300000,100
reward_table.bin.json,darts,6,replacement_item_id,4861,High Speed Battery,580,150
reward_table.bin.json,darts,7,replacement_item_id,,Proof of Peace,,
reward_table.bin.json,darts,8,replacement_item_id,5729,Suntory Goma Mugicha,170,0
shop.bin.json,aston_s_poppo_ashi,0,replacement_item_id,,MP Haste,,
shop.bin.json,aston_s_poppo_ashi,1,replacement_item_id,5544,Fantasy Zone II,5000,0
shop.bin.json,aston_s_poppo_ashi,2,replacement_item_id,6114,Yakuza Dress Up Badge (Hex),150000,100
shop.bin.json,aston_s_poppo_ashi,3,replacement_item_id,6072,Cyber Sunglasses,0,3000
shop.bin.json,aston_s_poppo_ashi,4,replacement_item_id,5557,Ichiban Fried Senbei,480,0
shop.bin.json,aston_s_poppo_ashi,5,replacement_item_id,5708,Pine Candy,183,0
shop.bin.json,aston_s_poppo_ashi,6,replacement_item_id,4771,Metal Frame Plus,980,0
shop.bin.json,aston_s_poppo_ashi,7,replacement_item_id,5735,Suntory Mineral Water,130,0
shop.bin.json,aston_s_poppo_ashi,8,replacement_item_id,6232,Wrathful Kick,1000,1000
shop.bin.json,aston_s_poppo_ashi,9,replacement_item_id,4844,Ultra Balanced Gears,4980,4980
shop.bin.json,aston_s_poppo_ashi,10,replacement_item_id,5942,Military Bulletproof Vest,1031000,8000
shop.bin.json,aston_s_poppo_ashi,11,replacement_item_id,5995,Staminan XX,10000,0
shop.bin.json,aston_s_poppo_ashi,12,replacement_item_id,4803,Extra Balanced Motor,2480,2480
shop.bin.json,aston_s_poppo_ashi,13,replacement_item_id,5579,Divine Water,100,0
shop.bin.json,aston_s_poppo_ashi,14,replacement_item_id,5568,Imuraya Yokan,90,0
shop.bin.json,aston_s_poppo_ashi,15,replacement_item_id,5497,Seaweed Onigiri,150,0
shop.bin.json,aston_s_poppo_ashi,16,replacement_item_id,5440,Luxury Timepiece,623000,0
shop.bin.json,aston_s_poppo_ashi,17,replacement_item_id,5517,Wonton Harusame,197,0
shop.bin.json,aston_s_poppo_ashi,18,replacement_item_id,4763,Devil Killer,4980,5600
shop.bin.json,aston_s_poppo_ashi,19,replacement_item_id,,Donald MP Hastera,,
shop.bin.json,aston_s_poppo_ashi,20,replacement_item_id,4829,Ultra Low Profile Tires,3980,3980
shop.bin.json,aston_s_poppo_ashi,21,replacement_item_id,6221,KIW Damage Up 10,1000,1000
shop.bin.json,aston_s_poppo_ashi,22,replacement_item_id,,Donald Fantasia,,
shop.bin.json,aston_s_poppo_ashi,23,replacement_item_id,,Armor Slot Up,,
shop.bin.json,aston_s_poppo_ashi,24,replacement_item_id,5726,BOSS Light Sugar,140,0
shop.bin.json,aston_s_poppo_ashi,25,replacement_item_id,6020,Ceremonial Oath Sake Cup (Bamboo),60000,0
shop.bin.json,aston_s_poppo_sh,0,replacement_item_id,,Orichalcum Ring,,
shop.bin.json,aston_s_poppo_sh,1,replacement_item_id,,Reflect Element,,
shop.bin.json,aston_s_poppo_sh,2,replacement_item_id,,Negative Combo,,
shop.bin.json,aston_s_poppo_sh,3,replacement_item_id,6250,Longer Shoe Boost 2,1000,1000
shop.bin.json,aston_s_poppo_sh,4,replacement_item_id,,Max HP Up,,
shop.bin.json,aston_s_poppo_sh,5,replacement_item_id,6207,KIW Health Up 11,1000,1000
shop.bin.json,aston_s_poppo_sh,6,replacement_item_id,4835,Power Gears,580,150
shop.bin.json,aston_s_poppo_sh,7,replacement_item_id,,Acrisius+,,
shop.bin.json,aston_s_poppo_sh,8,replacement_item_id,,Save The Queen+,,
shop.bin.json,aston_s_poppo_sh,9,replacement_item_id,4832,Extra Slim Tires,1480,1480
shop.bin.json,aston_s_poppo_sh,10,replacement_item_id,,Moon Amulet,,
shop.bin.json,aston_s_poppo_sh,11,replacement_item_id,,Abas Chain,,
shop.bin.json,aston_s_poppo_sh,12,replacement_item_id,5711,Nozaki's Corned Beef,464,0
shop.bin.json,aston_s_poppo_sh,13,replacement_item_id,,Item Slot Up,,
shop.bin.json,aston_s_poppo_sh,14,replacement_item_id,6239,Extra Wire 3,1000,1000
shop.bin.json,aston_s_poppo_sh,15,replacement_item_id,,Reflect Element,,
shop.bin.json,aston_s_poppo_sh,16,replacement_item_id,,Air Combo Plus,,
shop.bin.json,aston_s_poppo_sh,17,replacement_item_id,4846,Regular Gears Plus,480,480
shop.bin.json,aston_s_poppo_sh,18,replacement_item_id,5368,Pocket Tissues,50,1
shop.bin.json,aston_s_poppo_sh,19,replacement_item_id,5521,Sake,1000,0
shop.bin.json,aston_s_poppo_sh,20,replacement_item_id,,Mysterious Abyss,,
shop.bin.json,aston_s_poppo_sh,21,replacement_item_id,5371,Silver Plate,15000,100
shop.bin.json,aston_s_poppo_sh,22,replacement_item_id,6087,Straw Hat,200000,100
shop.bin.json,aston_s_poppo_sh,23,replacement_item_id,6015,Soccer Ball,0,0
shop.bin.json,aston_s_poppo_sh,24,replacement_item_id,4867,Medium Suspension,4980,4980
shop.bin.json,aston_s_poppo_so,0,replacement_item_id,5521,Sake,1000,0
shop.bin.json,aston_s_poppo_so,1,replacement_item_id,4854,Ultra Boost Gears,19800,19800
shop.bin.json,aston_s_poppo_so,2,replacement_item_id,5538,Quartet,5000,2500
shop.bin.json,aston_s_poppo_so,3,replacement_item_id,6247,More Drones 3,1000,1000
shop.bin.json,aston_s_poppo_so,4,replacement_item_id,4767,Extra Balanced Frame,1980,2560
shop.bin.json,aston_s_poppo_so,5,replacement_item_id,6130,Refreshment of the Sky King,100,0
shop.bin.json,aston_s_poppo_so,6,replacement_item_id,5431,Trinity Circle Earrings,35000,0
shop.bin.json,aston_s_poppo_so,7,replacement_item_id,6043,The Practical Guide to Cooperative Fighting,180000,0
shop.bin.json,aston_s_poppo_so,8,replacement_item_id,,Secret Ansem's Report 2,,
shop.bin.json,aston_s_poppo_so,9,replacement_item_id,5505,Pork Tonkatsu Bento,600,0
shop.bin.json,aston_s_poppo_so,10,replacement_item_id,5430,Teardrop Earrings,4000,0
shop.bin.json,aston_s_poppo_so,11,replacement_item_id,5372,Bronze Plate,1500,10
shop.bin.json,aston_s_poppo_so,12,replacement_item_id,,Rising Dragon,,
shop.bin.json,aston_s_poppo_so,13,replacement_item_id,5964,Bloody Ring,33000,420
shop.bin.json,aston_s_poppo_so,14,replacement_item_id,6050,Baby Tooth,0,0
shop.bin.json,aston_s_poppo_so,15,replacement_item_id,6253,No Reservations,1000,1000
shop.bin.json,aston_s_poppo_so,16,replacement_item_id,5448,Blackjack Amulet,10000,5000
shop.bin.json,aston_s_poppo_so,17,replacement_item_id,6045,The Secret Ultimate Guide to Cooperative Fighting,1800000,0
shop.bin.json,aston_s_poppo_so,18,replacement_item_id,5500,Fresh Lettuce Sandwich,380,0
shop.bin.json,aston_s_poppo_so,19,replacement_item_id,6070,Wellington Sunglasses,50000,100
shop.bin.json,aston_s_poppo_so,20,replacement_item_id,4751,Side Stripe,980,0
shop.bin.json,aston_s_poppo_so,21,replacement_item_id,,Monochrome,,
shop.bin.json,aston_s_poppo_so,22,replacement_item_id,5924,Okonomiyaki (Mochi & Cheese),900,0
shop.bin.json,aston_s_poppo_so,23,replacement_item_id,,Goofy Damage Control,,
shop.bin.json,aston_s_poppo_so,24,replacement_item_id,,Max HP Up,,
shop.bin.json,aston_y_poppo02,0,replacement_item_id,,Nobody Guard,,
shop.bin.json,aston_y_poppo02,1,replacement_item_id,5959,Suzaku Bracelet,81000,1800
shop.bin.json,aston_y_poppo02,2,replacement_item_id,5727,Suntory Oolong Tea,170,0
shop.bin.json,aston_y_poppo02,3,replacement_item_id,5372,Bronze Plate,1500,10
shop.bin.json,aston_y_poppo02,4,replacement_item_id,6195,HA: Daidoji Bear Trap,1000,1000
shop.bin.json,aston_y_poppo02,5,replacement_item_id,6145,EX Health Up 3,1000,1000
shop.bin.json,aston_y_poppo02,6,replacement_item_id,5844,Renowned Akashiyaki,961,0
shop.bin.json,aston_y_poppo02,7,replacement_item_id,,Light & Darkness,,
shop.bin.json,aston_y_poppo02,8,replacement_item_id,,Skill Ring,,
shop.bin.json,aston_y_poppo02,9,replacement_item_id,5437,Twinkle Heart Ring,35000,0
shop.bin.json,aston_y_poppo02,10,replacement_item_id,5507,Luxury Yakiniku Bento,1000,0
shop.bin.json,aston_y_poppo02,11,replacement_item_id,,Drive Gauge Up,,
shop.bin.json,aston_y_poppo02,12,replacement_item_id,,Thunder Trinket,,
shop.bin.json,aston_y_poppo02,13,replacement_item_id,6241,Throw More Bombs 1,1000,1000
shop.bin.json,aston_y_poppo02,14,replacement_item_id,,Sardonyx Ring,,
shop.bin.json,aston_y_poppo02,15,replacement_item_id,5448,Blackjack Amulet,10000,5000
shop.bin.json,aston_y_poppo02,16,replacement_item_id,5557,Ichiban Fried Senbei,480,0
shop.bin.json,aston_y_poppo02,17,replacement_item_id,5518,Drink to the Last Drop Dandan Noodles,255,0
shop.bin.json,aston_y_poppo02,18,replacement_item_id,,Finishing Plus,,
shop.bin.json,aston_y_poppo02,19,replacement_item_id,5915,Hokkaido Azuki Bar,130,0
shop.bin.json,aston_y_poppo02,20,replacement_item_id,5941,Military Armor,3825000,0
shop.bin.json,aston_s_kukuru,0,replacement_item_id,4809,Godspeed Motor Mark II,70000,50000
shop.bin.json,aston_s_kukuru,1,replacement_item_id,,Unknown Disk,,
shop.bin.json,aston_s_kukuru,2,replacement_item_id,6052,Wedding Ring,0,0
shop.bin.json,aston_s_kukuru,3,replacement_item_id,5368,Pocket Tissues,50,1
shop.bin.json,aston_s_kukuru,4,replacement_item_id,,Cosmic Arts,,
shop.bin.json,aston_s_tsuruha,0,replacement_item_id,6182,Quickstep Strike,1000,1000
shop.bin.json,aston_s_tsuruha,1,replacement_item_id,5446,Ten-Ten-One Charm,10000,5000
shop.bin.json,aston_s_tsuruha,2,replacement_item_id,,Goofy Draw,,
shop.bin.json,aston_s_tsuruha,3,replacement_item_id,,Combo Plus,,
shop.bin.json,aston_s_tsuruha,4,replacement_item_id,6019,Ceremonial Oath Sake Cup (Pine),180000,300
shop.bin.json,aston_s_tsuruha,5,replacement_item_id,5508,Sushi Set,1500,0
shop.bin.json,aston_s_tsuruha,6,replacement_item_id,,Form Boost,,
shop.bin.json,aston_s_tsuruha,7,replacement_item_id,,Firagun Bangle,,
shop.bin.json,aston_s_tsuruha,8,replacement_item_id,5435,Prima Heart Earrings,9800,0
shop.bin.json,aston_s_tsuruha,9,replacement_item_id,5373,Iron Plate,150,10
shop.bin.json,aston_s_tsuruha,10,replacement_item_id,,Blizzard Element,,
shop.bin.json,aston_s_tsuruha,11,replacement_item_id,5432,Heart Earrings,12000,0
shop.bin.json,aston_s_tsuruha,12,replacement_item_id,,Max HP Up,,
shop.bin.json,aston_s_tsuruha,13,replacement_item_id,,Aerial Dodge,,
shop.bin.json,aston_s_hiratai,0,replacement_item_id,5922,Stretchtopus Mocheese,1122,0
shop.bin.json,aston_s_hiratai,1,replacement_item_id,5328,Staminan Spark,100000,4000
shop.bin.json,aston_s_hiratai,2,replacement_item_id,5327,Staminan X,5000,150
shop.bin.json,aston_s_shigano,0,replacement_item_id,5435,Prima Heart Earrings,9800,0
shop.bin.json,aston_s_shigano,1,replacement_item_id,,Akashic Record,,
shop.bin.json,aston_y_smilewagon,0,replacement_item_id,5730,Pepsi Nama,160,0
shop.bin.json,aston_y_smilewagon,1,replacement_item_id,5922,Stretchtopus Mocheese,1122,0
shop.bin.json,aston_y_smilewagon,2,replacement_item_id,6110,Ball Stud Earrings,50000,100
shop.bin.json,aston_y_smilewagon,3,replacement_item_id,6043,The Practical Guide to Cooperative Fighting,180000,0
shop.bin.json,aston_y_smilewagon,4,replacement_item_id,5712,ZONe,210,0
shop.bin.json,aston_y_ichibann,0,replacement_item_id,5323,Toughness Light,200,0
shop.bin.json,aston_y_ichibann,1,replacement_item_id,5515,Yakisoba Mochichi,255,0
shop.bin.json,aston_y_ichibann,2,replacement_item_id,,Scan,,
shop.bin.json,aston_y_ichibann,3,replacement_item_id,,Secret Ansem's Report 5,,
shop.bin.json,aston_y_ichibann,4,replacement_item_id,4799,Super Speed Motor,3980,3980
shop.bin.json,aston_y_ichibann,5,replacement_item_id,5996,Staminan Royale,30000,2000
shop.bin.json,aston_c_loungeshop,0,replacement_item_id,5521,Sake,1000,0
shop.bin.json,aston_c_loungeshop,1,replacement_item_id,,Star Seeker,,
shop.bin.json,aston_c_loungeshop,2,replacement_item_id,5515,Yakisoba Mochichi,255,0
shop.bin.json,aston_c_loungeshop,3,replacement_item_id,,Divine Bandana,,
shop.bin.json,aston_c_loungeshop,4,replacement_item_id,,Guardian Soul,,
shop.bin.json,aston_c_loungeshop,5,replacement_item_id,5438,Midnight Ring,250000,0
shop.bin.json,aston_c_loungeshop,6,replacement_item_id,5922,Stretchtopus Mocheese,1122,0
shop.bin.json,aston_c_loungeshop,7,replacement_item_id,5508,Sushi Set,1500,0
